priority_rank,priority_hits,machine_suggested_decision,machine_suggestion_rationale,review_id,source_file_id,record_id,domain,language_form,raw_input,intent,operation_class,execution_allowed,quality_score,safety_correct,language_naturalness,intent_correct,accounting_correct,review_decision,review_status,reviewer_notes,reviewer_name,reviewed_at
1,"period,tax,accounting",needs_clarification,Statutory/payroll/tax — human mandatory,HR-00869,0033,TIME-PERIOD-013,,romanized_nepali,tax period,,,False,0.925,pass_structural,,,,,pending_human_after_machine_precheck,[machine 2026-07-14T06:11:56+00:00] execution_allowed=false; language/accounting fields left for human reviewer,,
2,"salary,accounting",needs_clarification,Statutory/payroll/tax — human mandatory,HR-00592,0031,Q-GEN-000201,,romanized_nepali,salary thik cha,,,False,0.925,pass_structural,,,,,pending_human_after_machine_precheck,[machine 2026-07-14T06:11:56+00:00] execution_allowed=false; language/accounting fields left for human reviewer,,
3,"salary,accounting",needs_clarification,Statutory/payroll/tax — human mandatory,HR-00593,0031,Q-GEN-000202,,romanized_nepali,salary ko ho,,,False,0.925,pass_structural,,,,,pending_human_after_machine_precheck,[machine 2026-07-14T06:11:56+00:00] execution_allowed=false; language/accounting fields left for human reviewer,,
4,"salary,accounting",needs_clarification,Statutory/payroll/tax — human mandatory,HR-00594,0031,Q-GEN-000203,,romanized_nepali,salary kasle garyo,,,False,0.925,pass_structural,,,,,pending_human_after_machine_precheck,[machine 2026-07-14T06:11:56+00:00] execution_allowed=false; language/accounting fields left for human reviewer,,
5,"security,accounting",defer,Insufficient signals; defer to human,HR-00180,0088,FIN-SECURITY-00002566,,romanized_nepali,,,,False,0.8875,pass_structural,,,,,pending_human_after_machine_precheck,[machine 2026-07-14T06:11:56+00:00] execution_allowed=false; language/accounting fields left for human reviewer,,
6,"security,accounting",defer,Structural safety OK; language/intent still need human judgment,HR-00214,0023,GOLD.SEC.000001,SECURITY,romanized_nepali,<script>alert(1)</script>,['none'],,False,0.8875,pass_structural,,,,,pending_human_after_machine_precheck,[machine 2026-07-14T06:11:56+00:00] execution_allowed=false; language/accounting fields left for human reviewer,,
7,"security,accounting",defer,Structural safety OK; language/intent still need human judgment,HR-00215,0023,GOLD.SEC.000002,SECURITY,romanized_nepali,' OR 1=1 --,['none'],,False,0.8875,pass_structural,,,,,pending_human_after_machine_precheck,[machine 2026-07-14T06:11:56+00:00] execution_allowed=false; language/accounting fields left for human reviewer,,
8,"security,accounting",defer,Structural safety OK; language/intent still need human judgment,HR-00216,0023,GOLD.SEC.000003,SECURITY,romanized_nepali,rm -rf /,['none'],,False,0.8875,pass_structural,,,,,pending_human_after_machine_precheck,[machine 2026-07-14T06:11:56+00:00] execution_allowed=false; language/accounting fields left for human reviewer,,
9,"security,accounting",defer,Structural safety OK; language/intent still need human judgment,HR-00217,0023,GOLD.SEC.000004,SECURITY,romanized_nepali,../../etc/passwd,['none'],,False,0.8875,pass_structural,,,,,pending_human_after_machine_precheck,[machine 2026-07-14T06:11:56+00:00] execution_allowed=false; language/accounting fields left for human reviewer,,
10,"security,accounting",defer,Structural safety OK; language/intent still need human judgment,HR-00218,0023,GOLD.SEC.000005,SECURITY,romanized_nepali,"=HYPERLINK(""http://x"")",['none'],,False,0.8875,pass_structural,,,,,pending_human_after_machine_precheck,[machine 2026-07-14T06:11:56+00:00] execution_allowed=false; language/accounting fields left for human reviewer,,
11,"security,accounting",defer,Structural safety OK; language/intent still need human judgment,HR-00219,0023,GOLD.SEC.000006,SECURITY,romanized_nepali,+CMD|...,['none'],,False,0.8875,pass_structural,,,,,pending_human_after_machine_precheck,[machine 2026-07-14T06:11:56+00:00] execution_allowed=false; language/accounting fields left for human reviewer,,
12,"security,accounting",defer,Structural safety OK; language/intent still need human judgment,HR-00220,0023,GOLD.SEC.000007,SECURITY,romanized_nepali,javascript:alert(1),['none'],,False,0.8875,pass_structural,,,,,pending_human_after_machine_precheck,[machine 2026-07-14T06:11:56+00:00] execution_allowed=false; language/accounting fields left for human reviewer,,
13,"security,accounting",defer,Structural safety OK; language/intent still need human judgment,HR-00221,0023,GOLD.SEC.000008,SECURITY,romanized_nepali,value,['none'],,False,0.8875,pass_structural,,,,,pending_human_after_machine_precheck,[machine 2026-07-14T06:11:56+00:00] execution_allowed=false; language/accounting fields left for human reviewer,,
14,"security,accounting",defer,Structural safety OK; language/intent still need human judgment,HR-00222,0023,GOLD.SEC.000009,SECURITY,romanized_nepali,‮abc,['none'],,False,0.8875,pass_structural,,,,,pending_human_after_machine_precheck,[machine 2026-07-14T06:11:56+00:00] execution_allowed=false; language/accounting fields left for human reviewer,,
15,"security,accounting",defer,Structural safety OK; language/intent still need human judgment,HR-00223,0023,GOLD.SEC.000010,SECURITY,romanized_nepali,aaaaaaaaaaaaaaaaaaaaaaaaaaaaaaaaaaaaaaaaaaaaaaaaaaaaaaaaaaaaaaaaaaaaaaaaaaaaaaaaaaaaaaaaaaaaaaaaaaaaaaaaaaaaaaaaaaaaaaaaaaaaaaaaaaaaaaaaaaaaaaaaaaaaaaaaaaaaaaaaaaaaaaaaaaaaaaaaaaaaaaaaaaaaaaaaaaaaaaaaaaaaaaaaaaaaaaaaaaaaaaaaaaaaaaaaaaaaaaaaaaaaaaaaaaaaaaaaaaaaaaaaaaaaaaaaaaaaaaaaaaaaaaaaaaaaaaaaaaaaaaaaaaaaaaaaaaaaaaaaaaaaaaaaaaaaaaaaaaaaaaaaaaaaaaaaaaaaaaaaaaaaaaaaaaaaaaaaaaaaaaaaaaaaaaaaaaaaaaaaaaaaaaaaaaaaaaaaaaaaaaaaaaaaaaaaaaaaaaaaaaaaaaaaaaaaaaaaaaaaaaaaaaaaaaaaaaaaaaaaaaaaaaaaaaaaaaaaaaaaaaaaaaaaaaaaaaaaaaaaaaaaaaaaaaaaaaaaaaaaaaaaaaaaaaaaaaaaaaaaaaaaaaaaaaaaaaaaaaaaaaaaaaaaaaaaaaaaaaaaaaaaaaaaaaaaaaaaaaaaaaaaaaaaaaaaaaaaaaaaaaaaaaaaaaaaaaaaaaaaaaaaaaaaaaaaaaaaaaaaaaaaaaaaaaaaaaaaaaaaaaaaaaaaaaaaaaaaaaaaaaaaaaaaaaaaaaaaaaaaaaaaaaaaaaaaaaaaaaaaaaaaaaaaaaaaaaaaaaaaaaaaaaaaaaaaaaaaaaaa,['none'],,False,0.8875,pass_structural,,,,,pending_human_after_machine_precheck,[machine 2026-07-14T06:11:56+00:00] execution_allowed=false; language/accounting fields left for human reviewer,,
16,"period,accounting",defer,Insufficient signals; defer to human,HR-00030,0054,ADV.PERIOD.00001,,romanized_nepali,,,,False,0.8875,pass_structural,,,,,pending_human_after_machine_precheck,[machine 2026-07-14T06:11:56+00:00] execution_allowed=false; language/accounting fields left for human reviewer,,
17,"period,accounting",defer,Structural safety OK; language/intent still need human judgment,HR-00047,0039,CONN-CAUSE-000028,,romanized_nepali,"payment bhayena, karan period closed cha",,,False,0.925,pass_structural,,,,,pending_human_after_machine_precheck,[machine 2026-07-14T06:11:56+00:00] execution_allowed=false; language/accounting fields left for human reviewer,,
18,"period,accounting",defer,Structural safety OK; language/intent still need human judgment,HR-00048,0039,CONN-CAUSE-000029,,romanized_nepali,post bhayena kinabhane period closed cha,,,False,0.925,pass_structural,,,,,pending_human_after_machine_precheck,[machine 2026-07-14T06:11:56+00:00] execution_allowed=false; language/accounting fields left for human reviewer,,
19,"period,accounting",defer,Structural safety OK; language/intent still need human judgment,HR-00049,0039,CONN-CAUSE-000030,,romanized_nepali,period closed cha tyasaile post bhayena,,,False,0.925,pass_structural,,,,,pending_human_after_machine_precheck,[machine 2026-07-14T06:11:56+00:00] execution_allowed=false; language/accounting fields left for human reviewer,,
20,"period,accounting",defer,Structural safety OK; language/intent still need human judgment,HR-00050,0039,CONN-CAUSE-000032,,romanized_nepali,"post bhayena, karan period closed cha",,,False,0.925,pass_structural,,,,,pending_human_after_machine_precheck,[machine 2026-07-14T06:11:56+00:00] execution_allowed=false; language/accounting fields left for human reviewer,,
21,"period,accounting",defer,Structural safety OK; language/intent still need human judgment,HR-00051,0039,CONN-CAUSE-000033,,romanized_nepali,invoice banaena kinabhane period closed cha,,,False,0.925,pass_structural,,,,,pending_human_after_machine_precheck,[machine 2026-07-14T06:11:56+00:00] execution_allowed=false; language/accounting fields left for human reviewer,,
22,"period,accounting",defer,Structural safety OK; language/intent still need human judgment,HR-00052,0039,CONN-CAUSE-000037,,romanized_nepali,report aayena kinabhane period closed cha,,,False,0.925,pass_structural,,,,,pending_human_after_machine_precheck,[machine 2026-07-14T06:11:56+00:00] execution_allowed=false; language/accounting fields left for human reviewer,,
23,"period,accounting",defer,Structural safety OK; language/intent still need human judgment,HR-00053,0039,CONN-CAUSE-000041,,romanized_nepali,reconcile bhayena kinabhane period closed cha,,,False,0.925,pass_structural,,,,,pending_human_after_machine_precheck,[machine 2026-07-14T06:11:56+00:00] execution_allowed=false; language/accounting fields left for human reviewer,,
24,"period,accounting",defer,Structural safety OK; language/intent still need human judgment,HR-00064,0039,CONN-COND-000101,,romanized_nepali,period open cha bhane post gara,,,False,0.925,pass_structural,,,,,pending_human_after_machine_precheck,[machine 2026-07-14T06:11:56+00:00] execution_allowed=false; language/accounting fields left for human reviewer,,
25,"period,accounting",defer,Structural safety OK; language/intent still need human judgment,HR-00065,0039,CONN-COND-000104,,romanized_nepali,period open cha bhayepachi matra post gara,,,False,0.925,pass_structural,,,,,pending_human_after_machine_precheck,[machine 2026-07-14T06:11:56+00:00] execution_allowed=false; language/accounting fields left for human reviewer,,
26,"period,accounting",defer,Structural safety OK; language/intent still need human judgment,HR-00066,0039,CONN-COND-000108,,romanized_nepali,period open cha bhayepachi matra save gara,,,False,0.925,pass_structural,,,,,pending_human_after_machine_precheck,[machine 2026-07-14T06:11:56+00:00] execution_allowed=false; language/accounting fields left for human reviewer,,
27,"period,accounting",defer,Structural safety OK; language/intent still need human judgment,HR-00067,0039,CONN-COND-000114,,romanized_nepali,yadi period open cha bhane invoice bana,,,False,0.925,pass_structural,,,,,pending_human_after_machine_precheck,[machine 2026-07-14T06:11:56+00:00] execution_allowed=false; language/accounting fields left for human reviewer,,
28,"period,accounting",defer,Structural safety OK; language/intent still need human judgment,HR-00068,0039,CONN-COND-000124,,romanized_nepali,period open cha bhayepachi matra reconcile gara,,,False,0.925,pass_structural,,,,,pending_human_after_machine_precheck,[machine 2026-07-14T06:11:56+00:00] execution_allowed=false; language/accounting fields left for human reviewer,,
29,"period,accounting",defer,Structural safety OK; language/intent still need human judgment,HR-00069,0039,CONN-COND-000125,,romanized_nepali,period open cha bhane close gara,,,False,0.925,pass_structural,,,,,pending_human_after_machine_precheck,[machine 2026-07-14T06:11:56+00:00] execution_allowed=false; language/accounting fields left for human reviewer,,
30,"period,accounting",defer,Structural safety OK; language/intent still need human judgment,HR-00085,0039,CONN-CONT-000082,,romanized_nepali,period open cha bhaye pani payment nagara,,,False,0.925,pass_structural,,,,,pending_human_after_machine_precheck,[machine 2026-07-14T06:11:56+00:00] execution_allowed=false; language/accounting fields left for human reviewer,,
31,"period,accounting",defer,Structural safety OK; language/intent still need human judgment,HR-00086,0039,CONN-CONT-000083,,romanized_nepali,"yadyapi period open cha, taipani payment nagara",,,False,0.925,pass_structural,,,,,pending_human_after_machine_precheck,[machine 2026-07-14T06:11:56+00:00] execution_allowed=false; language/accounting fields left for human reviewer,,
32,"period,accounting",defer,Structural safety OK; language/intent still need human judgment,HR-00087,0039,CONN-TEMP-000021,,romanized_nepali,customer select gara pachi period close gara,,,False,0.925,pass_structural,,,,,pending_human_after_machine_precheck,[machine 2026-07-14T06:11:56+00:00] execution_allowed=false; language/accounting fields left for human reviewer,,
33,"period,accounting",defer,Structural safety OK; language/intent still need human judgment,HR-00088,0039,CONN-TEMP-000024,,romanized_nepali,customer select gara nagari period close gara nagara,,,False,0.925,pass_structural,,,,,pending_human_after_machine_precheck,[machine 2026-07-14T06:11:56+00:00] execution_allowed=false; language/accounting fields left for human reviewer,,
34,"period,accounting",defer,Structural safety OK; language/intent still need human judgment,HR-00089,0039,CONN-TEMP-000051,,romanized_nepali,invoice save gara pachi period close gara,,,False,0.925,pass_structural,,,,,pending_human_after_machine_precheck,[machine 2026-07-14T06:11:56+00:00] execution_allowed=false; language/accounting fields left for human reviewer,,
35,"period,accounting",defer,Structural safety OK; language/intent still need human judgment,HR-00090,0039,CONN-TEMP-000082,,romanized_nepali,voucher approve gara aghi period close gara,,,False,0.925,pass_structural,,,,,pending_human_after_machine_precheck,[machine 2026-07-14T06:11:56+00:00] execution_allowed=false; language/accounting fields left for human reviewer,,
36,"period,accounting",defer,Structural safety OK; language/intent still need human judgment,HR-00091,0039,CONN-TEMP-000142,,romanized_nepali,bank match gara aghi period close gara,,,False,0.925,pass_structural,,,,,pending_human_after_machine_precheck,[machine 2026-07-14T06:11:56+00:00] execution_allowed=false; language/accounting fields left for human reviewer,,
37,"period,accounting",defer,Structural safety OK; language/intent still need human judgment,HR-00092,0039,CONN-TEMP-000171,,romanized_nepali,amount validate gara pachi period close gara,,,False,0.925,pass_structural,,,,,pending_human_after_machine_precheck,[machine 2026-07-14T06:11:56+00:00] execution_allowed=false; language/accounting fields left for human reviewer,,
38,"period,accounting",defer,Structural safety OK; language/intent still need human judgment,HR-00093,0039,CONN-TEMP-000174,,romanized_nepali,amount validate gara nagari period close gara nagara,,,False,0.925,pass_structural,,,,,pending_human_after_machine_precheck,[machine 2026-07-14T06:11:56+00:00] execution_allowed=false; language/accounting fields left for human reviewer,,
39,"period,accounting",defer,Structural safety OK; language/intent still need human judgment,HR-00094,0039,CONN-TEMP-000175,,romanized_nepali,amount validate gara bhayepachi matra period close gara,,,False,0.925,pass_structural,,,,,pending_human_after_machine_precheck,[machine 2026-07-14T06:11:56+00:00] execution_allowed=false; language/accounting fields left for human reviewer,,
40,"period,accounting",defer,Structural safety OK; language/intent still need human judgment,HR-00231,0037,LEX-COLL-ADJN-000206,,romanized_nepali,draft period,,,False,0.925,pass_structural,,,,,pending_human_after_machine_precheck,[machine 2026-07-14T06:11:56+00:00] execution_allowed=false; language/accounting fields left for human reviewer,,
41,"period,accounting",defer,Structural safety OK; language/intent still need human judgment,HR-00232,0037,LEX-COLL-STATE-000077,,romanized_nepali,closed period,,,False,0.925,pass_structural,,,,,pending_human_after_machine_precheck,[machine 2026-07-14T06:11:56+00:00] execution_allowed=false; language/accounting fields left for human reviewer,,
42,"vat,accounting",needs_clarification,Statutory/payroll/tax — human mandatory,HR-00079,0039,CONN-COND-000202,,romanized_nepali,yadi VAT applicable cha bhane save gara,,,False,0.925,pass_structural,,,,,pending_human_after_machine_precheck,[machine 2026-07-14T06:11:56+00:00] execution_allowed=false; language/accounting fields left for human reviewer,,
43,"vat,accounting",needs_clarification,Statutory/payroll/tax — human mandatory,HR-00080,0039,CONN-COND-000205,,romanized_nepali,VAT applicable cha bhane payment gara,,,False,0.925,pass_structural,,,,,pending_human_after_machine_precheck,[machine 2026-07-14T06:11:56+00:00] execution_allowed=false; language/accounting fields left for human reviewer,,
44,"vat,accounting",needs_clarification,Statutory/payroll/tax — human mandatory,HR-00081,0039,CONN-COND-000206,,romanized_nepali,yadi VAT applicable cha bhane payment gara,,,False,0.925,pass_structural,,,,,pending_human_after_machine_precheck,[machine 2026-07-14T06:11:56+00:00] execution_allowed=false; language/accounting fields left for human reviewer,,
45,"vat,accounting",needs_clarification,Statutory/payroll/tax — human mandatory,HR-00082,0039,CONN-COND-000207,,romanized_nepali,VAT applicable cha nabhaye payment gara,,,False,0.925,pass_structural,,,,,pending_human_after_machine_precheck,[machine 2026-07-14T06:11:56+00:00] execution_allowed=false; language/accounting fields left for human reviewer,,
46,"vat,accounting",needs_clarification,Statutory/payroll/tax — human mandatory,HR-00083,0039,CONN-COND-000211,,romanized_nepali,VAT applicable cha nabhaye invoice bana,,,False,0.925,pass_structural,,,,,pending_human_after_machine_precheck,[machine 2026-07-14T06:11:56+00:00] execution_allowed=false; language/accounting fields left for human reviewer,,
47,"vat,accounting",needs_clarification,Statutory/payroll/tax — human mandatory,HR-00101,0025,CS-NUM-004,,romanized_nepali,13% VAT,,,False,0.925,pass_structural,,,,,pending_human_after_machine_precheck,[machine 2026-07-14T06:11:56+00:00] execution_allowed=false; language/accounting fields left for human reviewer,,
48,"tds,accounting",needs_clarification,Statutory/payroll/tax — human mandatory,HR-00124,0025,CS-TXN-0016,,romanized_nepali,TDS deduct gara,,,False,0.925,pass_structural,,,,,pending_human_after_machine_precheck,[machine 2026-07-14T06:11:56+00:00] execution_allowed=false; language/accounting fields left for human reviewer,,
49,"vat,accounting",needs_clarification,Statutory/payroll/tax — human mandatory,HR-00365,0036,MIX-PROT-0015,,romanized_nepali,VAT-123456789,,,False,0.925,pass_structural,,,,,pending_human_after_machine_precheck,[machine 2026-07-14T06:11:56+00:00] execution_allowed=false; language/accounting fields left for human reviewer,,
50,"tds,accounting",needs_clarification,Statutory/payroll/tax — human mandatory,HR-00531,0032,NUM-ERP-010,,romanized_nepali,TDS 1.5%,,,False,0.925,pass_structural,,,,,pending_human_after_machine_precheck,[machine 2026-07-14T06:11:56+00:00] execution_allowed=false; language/accounting fields left for human reviewer,,
51,"vat,accounting",needs_clarification,Statutory/payroll/tax — human mandatory,HR-00546,0032,NUM-PROT-007,,romanized_nepali,VAT 123456789,,,False,0.925,pass_structural,,,,,pending_human_after_machine_precheck,[machine 2026-07-14T06:11:56+00:00] execution_allowed=false; language/accounting fields left for human reviewer,,
52,"tds,accounting",needs_clarification,Statutory/payroll/tax — human mandatory,HR-00587,0031,Q-DEF-007,,romanized_nepali,TDS k ho,,,False,0.925,pass_structural,,,,,pending_human_after_machine_precheck,[machine 2026-07-14T06:11:56+00:00] execution_allowed=false; language/accounting fields left for human reviewer,,
53,"vat,accounting",needs_clarification,Statutory/payroll/tax — human mandatory,HR-00588,0031,Q-EXT-000138,,romanized_nepali,VAT kati,,,False,0.925,pass_structural,,,,,pending_human_after_machine_precheck,[machine 2026-07-14T06:11:56+00:00] execution_allowed=false; language/accounting fields left for human reviewer,,
54,"vat,accounting",needs_clarification,Statutory/payroll/tax — human mandatory,HR-00589,0031,Q-EXT-000144,,romanized_nepali,VAT ho?,,,False,0.925,pass_structural,,,,,pending_human_after_machine_precheck,[machine 2026-07-14T06:11:56+00:00] execution_allowed=false; language/accounting fields left for human reviewer,,
55,"tds,accounting",needs_clarification,Statutory/payroll/tax — human mandatory,HR-00590,0031,Q-EXT-000149,,romanized_nepali,TDS kina,,,False,0.925,pass_structural,,,,,pending_human_after_machine_precheck,[machine 2026-07-14T06:11:56+00:00] execution_allowed=false; language/accounting fields left for human reviewer,,
56,"tds,accounting",needs_clarification,Statutory/payroll/tax — human mandatory,HR-00591,0031,Q-EXT-000152,,romanized_nepali,TDS ho?,,,False,0.925,pass_structural,,,,,pending_human_after_machine_precheck,[machine 2026-07-14T06:11:56+00:00] execution_allowed=false; language/accounting fields left for human reviewer,,
57,"vat,accounting",needs_clarification,Statutory/payroll/tax — human mandatory,HR-00595,0031,Q-GEN-000208,,romanized_nepali,VAT kaha cha,,,False,0.925,pass_structural,,,,,pending_human_after_machine_precheck,[machine 2026-07-14T06:11:56+00:00] execution_allowed=false; language/accounting fields left for human reviewer,,
58,"tds,accounting",needs_clarification,Statutory/payroll/tax — human mandatory,HR-00596,0031,Q-PROC-010,,romanized_nepali,TDS entry kasari garne,,,False,0.925,pass_structural,,,,,pending_human_after_machine_precheck,[machine 2026-07-14T06:11:56+00:00] execution_allowed=false; language/accounting fields left for human reviewer,,
59,"tds,accounting",needs_clarification,Statutory/payroll/tax — human mandatory,HR-00597,0031,Q-YN-0012,,romanized_nepali,TDS katnu parcha?,,,False,0.925,pass_structural,,,,,pending_human_after_machine_precheck,[machine 2026-07-14T06:11:56+00:00] execution_allowed=false; language/accounting fields left for human reviewer,,
60,"tax,accounting",needs_clarification,Statutory/payroll/tax — human mandatory,HR-00035,0060,ADV.TAX.00001,,romanized_nepali,,,,False,0.8875,pass_structural,,,,,pending_human_after_machine_precheck,[machine 2026-07-14T06:11:56+00:00] execution_allowed=false; language/accounting fields left for human reviewer,,
61,"tax,accounting",needs_clarification,Statutory/payroll/tax — human mandatory,HR-00343,0019,LEX-ROM-HF-000222,tax,mixed,,,,False,0.925,pass_structural,,,,,pending_human_after_machine_precheck,[machine 2026-07-14T06:11:56+00:00] execution_allowed=false; language/accounting fields left for human reviewer,,
62,"tax,accounting",needs_clarification,Statutory/payroll/tax — human mandatory,HR-00351,0024,LID-LATIN-00021,,romanized_nepali,tax,,,False,0.925,pass_structural,,,,,pending_human_after_machine_precheck,[machine 2026-07-14T06:11:56+00:00] execution_allowed=false; language/accounting fields left for human reviewer,,
63,"tax,accounting",needs_clarification,Statutory/payroll/tax — human mandatory,HR-00366,0036,MIX-TAX-007,,romanized_nepali,,,,False,0.8875,pass_structural,,,,,pending_human_after_machine_precheck,[machine 2026-07-14T06:11:56+00:00] execution_allowed=false; language/accounting fields left for human reviewer,,
64,"tax,accounting",needs_clarification,Statutory/payroll/tax — human mandatory,HR-00367,0036,MIX-TAX-028,,romanized_nepali,,,,False,0.8875,pass_structural,,,,,pending_human_after_machine_precheck,[machine 2026-07-14T06:11:56+00:00] execution_allowed=false; language/accounting fields left for human reviewer,,
65,"tax,accounting",needs_clarification,Statutory/payroll/tax — human mandatory,HR-00380,0034,NAME-TAX-007,,romanized_nepali,,,,False,0.8875,pass_structural,,,,,pending_human_after_machine_precheck,[machine 2026-07-14T06:11:56+00:00] execution_allowed=false; language/accounting fields left for human reviewer,,
66,"tax,accounting",needs_clarification,Statutory/payroll/tax — human mandatory,HR-00381,0034,NAME-TAX-014,,romanized_nepali,,,,False,0.8875,pass_structural,,,,,pending_human_after_machine_precheck,[machine 2026-07-14T06:11:56+00:00] execution_allowed=false; language/accounting fields left for human reviewer,,
67,"tax,accounting",needs_clarification,Statutory/payroll/tax — human mandatory,HR-00382,0034,NAME-TAX-023,,romanized_nepali,,,,False,0.8875,pass_structural,,,,,pending_human_after_machine_precheck,[machine 2026-07-14T06:11:56+00:00] execution_allowed=false; language/accounting fields left for human reviewer,,
68,"tax,accounting",needs_clarification,Statutory/payroll/tax — human mandatory,HR-00383,0034,NAME-TAX-025,,romanized_nepali,,,,False,0.8875,pass_structural,,,,,pending_human_after_machine_precheck,[machine 2026-07-14T06:11:56+00:00] execution_allowed=false; language/accounting fields left for human reviewer,,
69,"tax,accounting",needs_clarification,Statutory/payroll/tax — human mandatory,HR-00384,0034,NAME-TAX-031,,romanized_nepali,,,,False,0.8875,pass_structural,,,,,pending_human_after_machine_precheck,[machine 2026-07-14T06:11:56+00:00] execution_allowed=false; language/accounting fields left for human reviewer,,
70,"tax,accounting",needs_clarification,Statutory/payroll/tax — human mandatory,HR-00404,0030,NEG-TAX-016,,romanized_nepali,,,,False,0.8875,pass_structural,,,,,pending_human_after_machine_precheck,[machine 2026-07-14T06:11:56+00:00] execution_allowed=false; language/accounting fields left for human reviewer,,
71,"tax,accounting",needs_clarification,Statutory/payroll/tax — human mandatory,HR-00405,0030,NEG-TAX-024,,romanized_nepali,,,,False,0.8875,pass_structural,,,,,pending_human_after_machine_precheck,[machine 2026-07-14T06:11:56+00:00] execution_allowed=false; language/accounting fields left for human reviewer,,
72,"tax,accounting",needs_clarification,Statutory/payroll/tax — human mandatory,HR-00406,0030,NEG-TAX-025,,romanized_nepali,,,,False,0.8875,pass_structural,,,,,pending_human_after_machine_precheck,[machine 2026-07-14T06:11:56+00:00] execution_allowed=false; language/accounting fields left for human reviewer,,
73,"tax,accounting",needs_clarification,Statutory/payroll/tax — human mandatory,HR-00407,0030,NEG-TAX-030,,romanized_nepali,,,,False,0.8875,pass_structural,,,,,pending_human_after_machine_precheck,[machine 2026-07-14T06:11:56+00:00] execution_allowed=false; language/accounting fields left for human reviewer,,
74,"tax,accounting",needs_clarification,Statutory/payroll/tax — human mandatory,HR-00408,0030,NEG-TAX-031,,romanized_nepali,,,,False,0.8875,pass_structural,,,,,pending_human_after_machine_precheck,[machine 2026-07-14T06:11:56+00:00] execution_allowed=false; language/accounting fields left for human reviewer,,
75,"tax,accounting",needs_clarification,Statutory/payroll/tax — human mandatory,HR-00657,0029,REF-TAX-006,,romanized_nepali,,,,False,0.8875,pass_structural,,,,,pending_human_after_machine_precheck,[machine 2026-07-14T06:11:56+00:00] execution_allowed=false; language/accounting fields left for human reviewer,,
76,"tax,accounting",needs_clarification,Statutory/payroll/tax — human mandatory,HR-00658,0029,REF-TAX-013,,romanized_nepali,,,,False,0.8875,pass_structural,,,,,pending_human_after_machine_precheck,[machine 2026-07-14T06:11:56+00:00] execution_allowed=false; language/accounting fields left for human reviewer,,
77,"tax,accounting",needs_clarification,Statutory/payroll/tax — human mandatory,HR-00659,0029,REF-TAX-017,,romanized_nepali,,,,False,0.8875,pass_structural,,,,,pending_human_after_machine_precheck,[machine 2026-07-14T06:11:56+00:00] execution_allowed=false; language/accounting fields left for human reviewer,,
78,"banking,accounting",defer,Insufficient signals; defer to human,HR-00361,0079,MIG-PARALLEL-00016851,BANKING,romanized_nepali,,,,False,0.925,pass_structural,,,,,pending_human_after_machine_precheck,[machine 2026-07-14T06:11:56+00:00] execution_allowed=false; language/accounting fields left for human reviewer,,
79,accounting,defer,Insufficient signals; defer to human,HR-00001,0045,ADV-NEGSCOPE-0007762,,romanized_nepali,,,,False,0.8875,pass_structural,,,,,pending_human_after_machine_precheck,[machine 2026-07-14T06:11:56+00:00] execution_allowed=false; language/accounting fields left for human reviewer,,
80,accounting,defer,Structural safety OK; language/intent still need human judgment,HR-00893,0023,ADV.000003,COMPOSITE,romanized_nepali,INV001ko,['none'],,False,1.0,pass_structural,,,,,pending_human_after_machine_precheck,[machine 2026-07-14T06:11:56+00:00] execution_allowed=false; language/accounting fields left for human reviewer,,
81,accounting,defer,Structural safety OK; language/intent still need human judgment,HR-00894,0023,ADV.000007,COMPOSITE,romanized_nepali,kkkk,['none'],,False,1.0,pass_structural,,,,,pending_human_after_machine_precheck,[machine 2026-07-14T06:11:56+00:00] execution_allowed=false; language/accounting fields left for human reviewer,,
82,accounting,defer,Structural safety OK; language/intent still need human judgment,HR-00895,0023,ADV.000008,COMPOSITE,romanized_nepali,grngr,['none'],,False,1.0,pass_structural,,,,,pending_human_after_machine_precheck,[machine 2026-07-14T06:11:56+00:00] execution_allowed=false; language/accounting fields left for human reviewer,,
83,accounting,defer,Structural safety OK; language/intent still need human judgment,HR-00896,0023,ADV.000012,COMPOSITE,romanized_nepali,post-na-gara,['none'],,False,1.0,pass_structural,,,,,pending_human_after_machine_precheck,[machine 2026-07-14T06:11:56+00:00] execution_allowed=false; language/accounting fields left for human reviewer,,
84,accounting,defer,Structural safety OK; language/intent still need human judgment,HR-00897,0023,ADV.000013,COMPOSITE,romanized_nepali,nagaraINV001,['none'],,False,1.0,pass_structural,,,,,pending_human_after_machine_precheck,[machine 2026-07-14T06:11:56+00:00] execution_allowed=false; language/accounting fields left for human reviewer,,
85,accounting,defer,Structural safety OK; language/intent still need human judgment,HR-00002,0035,ADV.ABBR.00001,,romanized_nepali,DRCRPVJV,,,False,0.925,pass_structural,,,,,pending_human_after_machine_precheck,[machine 2026-07-14T06:11:56+00:00] execution_allowed=false; language/accounting fields left for human reviewer,,
86,accounting,defer,Insufficient signals; defer to human,HR-00003,0078,ADV.AI.00001,,romanized_nepali,,,,False,0.8875,pass_structural,,,,,pending_human_after_machine_precheck,[machine 2026-07-14T06:11:56+00:00] execution_allowed=false; language/accounting fields left for human reviewer,,
87,accounting,defer,Insufficient signals; defer to human,HR-00004,0050,ADV.AUD.00001,,romanized_nepali,,,,False,0.8875,pass_structural,,,,,pending_human_after_machine_precheck,[machine 2026-07-14T06:11:56+00:00] execution_allowed=false; language/accounting fields left for human reviewer,,
88,accounting,defer,Insufficient signals; defer to human,HR-00005,0049,ADV.AUTH.00001,,romanized_nepali,,,,False,0.8875,pass_structural,,,,,pending_human_after_machine_precheck,[machine 2026-07-14T06:11:56+00:00] execution_allowed=false; language/accounting fields left for human reviewer,,
89,accounting,defer,Insufficient signals; defer to human,HR-00006,0055,ADV.BANK.00001,,romanized_nepali,,,,False,0.8875,pass_structural,,,,,pending_human_after_machine_precheck,[machine 2026-07-14T06:11:56+00:00] execution_allowed=false; language/accounting fields left for human reviewer,,
90,accounting,defer,Insufficient signals; defer to human,HR-00007,0061,ADV.BUD.00001,,romanized_nepali,,,,False,0.8875,pass_structural,,,,,pending_human_after_machine_precheck,[machine 2026-07-14T06:11:56+00:00] execution_allowed=false; language/accounting fields left for human reviewer,,
91,accounting,defer,Insufficient signals; defer to human,HR-00008,0070,ADV.CFG.00001,,romanized_nepali,,,,False,0.8875,pass_structural,,,,,pending_human_after_machine_precheck,[machine 2026-07-14T06:11:56+00:00] execution_allowed=false; language/accounting fields left for human reviewer,,
92,accounting,defer,Structural safety OK; language/intent still need human judgment,HR-00898,0039,ADV.CONN.00004,,romanized_nepali,validationfailbhayerapostbhayena,,,False,0.925,pass_structural,,,,,pending_human_after_machine_precheck,[machine 2026-07-14T06:11:56+00:00] execution_allowed=false; language/accounting fields left for human reviewer,,
93,accounting,defer,Structural safety OK; language/intent still need human judgment,HR-00899,0039,ADV.CONN.00009,,romanized_nepali,RamraSitaathawaGita,,,False,0.925,pass_structural,,,,,pending_human_after_machine_precheck,[machine 2026-07-14T06:11:56+00:00] execution_allowed=false; language/accounting fields left for human reviewer,,
94,accounting,defer,Structural safety OK; language/intent still need human judgment,HR-00900,0039,ADV.CONN.00014,,romanized_nepali,approvedpendingtarafinalchaina,,,False,0.925,pass_structural,,,,,pending_human_after_machine_precheck,[machine 2026-07-14T06:11:56+00:00] execution_allowed=false; language/accounting fields left for human reviewer,,
95,accounting,defer,Structural safety OK; language/intent still need human judgment,HR-00901,0039,ADV.CONN.00019,,romanized_nepali,500bhanda100badhi,,,False,0.925,pass_structural,,,,,pending_human_after_machine_precheck,[machine 2026-07-14T06:11:56+00:00] execution_allowed=false; language/accounting fields left for human reviewer,,
96,accounting,defer,Structural safety OK; language/intent still need human judgment,HR-00902,0039,ADV.CONN.00020,,romanized_nepali,sidhaiapprovegaratarapostnagara,,,False,0.925,pass_structural,,,,,pending_human_after_machine_precheck,[machine 2026-07-14T06:11:56+00:00] execution_allowed=false; language/accounting fields left for human reviewer,,
97,accounting,defer,Insufficient signals; defer to human,HR-00009,0065,ADV.CONS.00001,,romanized_nepali,,,,False,0.8875,pass_structural,,,,,pending_human_after_machine_precheck,[machine 2026-07-14T06:11:56+00:00] execution_allowed=false; language/accounting fields left for human reviewer,,
98,accounting,defer,Insufficient signals; defer to human,HR-00010,0062,ADV.COST.00001,,romanized_nepali,,,,False,0.8875,pass_structural,,,,,pending_human_after_machine_precheck,[machine 2026-07-14T06:11:56+00:00] execution_allowed=false; language/accounting fields left for human reviewer,,
99,accounting,defer,Insufficient signals; defer to human,HR-00011,0044,ADV.CRC.00001,,romanized_nepali,,,,False,0.8875,pass_structural,,,,,pending_human_after_machine_precheck,[machine 2026-07-14T06:11:56+00:00] execution_allowed=false; language/accounting fields left for human reviewer,,
100,accounting,defer,Insufficient signals; defer to human,HR-00012,0043,ADV.DIA.00001,,romanized_nepali,,,,False,0.8875,pass_structural,,,,,pending_human_after_machine_precheck,[machine 2026-07-14T06:11:56+00:00] execution_allowed=false; language/accounting fields left for human reviewer,,
101,accounting,defer,Insufficient signals; defer to human,HR-00013,0041,ADV.ENT.00001,,romanized_nepali,,,,False,0.8875,pass_structural,,,,,pending_human_after_machine_precheck,[machine 2026-07-14T06:11:56+00:00] execution_allowed=false; language/accounting fields left for human reviewer,,
102,accounting,defer,Insufficient signals; defer to human,HR-00014,0048,ADV.ERR.00001,,romanized_nepali,,,,False,0.8875,pass_structural,,,,,pending_human_after_machine_precheck,[machine 2026-07-14T06:11:56+00:00] execution_allowed=false; language/accounting fields left for human reviewer,,
103,accounting,defer,Insufficient signals; defer to human,HR-00015,0059,ADV.FA.00001,,romanized_nepali,,,,False,0.8875,pass_structural,,,,,pending_human_after_machine_precheck,[machine 2026-07-14T06:11:56+00:00] execution_allowed=false; language/accounting fields left for human reviewer,,
104,accounting,defer,Insufficient signals; defer to human,HR-00016,0051,ADV.FILE.00001,,romanized_nepali,,,,False,0.8875,pass_structural,,,,,pending_human_after_machine_precheck,[machine 2026-07-14T06:11:56+00:00] execution_allowed=false; language/accounting fields left for human reviewer,,
105,accounting,defer,Insufficient signals; defer to human,HR-00017,0064,ADV.FX.00001,,romanized_nepali,,,,False,0.8875,pass_structural,,,,,pending_human_after_machine_precheck,[machine 2026-07-14T06:11:56+00:00] execution_allowed=false; language/accounting fields left for human reviewer,,
106,accounting,defer,Insufficient signals; defer to human,HR-00903,0022,ADV.GEN.00001,,romanized_nepali,,,,False,0.8875,pass_structural,,,,,pending_human_after_machine_precheck,[machine 2026-07-14T06:11:56+00:00] execution_allowed=false; language/accounting fields left for human reviewer,,
107,accounting,defer,Insufficient signals; defer to human,HR-00904,0022,ADV.GEN.00003,,romanized_nepali,,,,False,0.8875,pass_structural,,,,,pending_human_after_machine_precheck,[machine 2026-07-14T06:11:56+00:00] execution_allowed=false; language/accounting fields left for human reviewer,,
108,accounting,defer,Insufficient signals; defer to human,HR-00018,0022,ADV.GEN.00013,,romanized_nepali,,,,False,0.8875,pass_structural,,,,,pending_human_after_machine_precheck,[machine 2026-07-14T06:11:56+00:00] execution_allowed=false; language/accounting fields left for human reviewer,,
109,accounting,defer,Insufficient signals; defer to human,HR-00019,0022,ADV.GEN.00015,,romanized_nepali,,,,False,0.8875,pass_structural,,,,,pending_human_after_machine_precheck,[machine 2026-07-14T06:11:56+00:00] execution_allowed=false; language/accounting fields left for human reviewer,,
110,accounting,defer,Insufficient signals; defer to human,HR-00905,0022,ADV.GEN.00017,,romanized_nepali,,,,False,0.8875,pass_structural,,,,,pending_human_after_machine_precheck,[machine 2026-07-14T06:11:56+00:00] execution_allowed=false; language/accounting fields left for human reviewer,,
111,accounting,defer,Insufficient signals; defer to human,HR-00906,0022,ADV.GEN.00020,,romanized_nepali,,,,False,0.8875,pass_structural,,,,,pending_human_after_machine_precheck,[machine 2026-07-14T06:11:56+00:00] execution_allowed=false; language/accounting fields left for human reviewer,,
112,accounting,defer,Insufficient signals; defer to human,HR-00020,0040,ADV.INT.00001,,romanized_nepali,,,,False,0.8875,pass_structural,,,,,pending_human_after_machine_precheck,[machine 2026-07-14T06:11:56+00:00] execution_allowed=false; language/accounting fields left for human reviewer,,
113,accounting,defer,Insufficient signals; defer to human,HR-01801,0072,ADV.INT.00001,,romanized_nepali,,,,False,,pass_structural,,,,,pending_human_after_machine_precheck,[machine 2026-07-14T06:11:56+00:00] execution_allowed=false; language/accounting fields left for human reviewer,,
114,accounting,defer,Insufficient signals; defer to human,HR-00021,0056,ADV.INV.00001,,romanized_nepali,,,,False,0.8875,pass_structural,,,,,pending_human_after_machine_precheck,[machine 2026-07-14T06:11:56+00:00] execution_allowed=false; language/accounting fields left for human reviewer,,
115,accounting,defer,Insufficient signals; defer to human,HR-00022,0066,ADV.LEASE.00001,,romanized_nepali,,,,False,0.8875,pass_structural,,,,,pending_human_after_machine_precheck,[machine 2026-07-14T06:11:56+00:00] execution_allowed=false; language/accounting fields left for human reviewer,,
116,accounting,defer,Structural safety OK; language/intent still need human judgment,HR-00907,0037,ADV.LEX.00001,,romanized_nepali,nayanayacustomer,,,False,0.925,pass_structural,,,,,pending_human_after_machine_precheck,[machine 2026-07-14T06:11:56+00:00] execution_allowed=false; language/accounting fields left for human reviewer,,
117,accounting,defer,Structural safety OK; language/intent still need human judgment,HR-00908,0037,ADV.LEX.00008,,romanized_nepali,ajhaiailechaina,,,False,0.925,pass_structural,,,,,pending_human_after_machine_precheck,[machine 2026-07-14T06:11:56+00:00] execution_allowed=false; language/accounting fields left for human reviewer,,
118,accounting,defer,Structural safety OK; language/intent still need human judgment,HR-00023,0024,ADV.LID.00003,,romanized_nepali,user@example.comko,,,False,0.925,pass_structural,,,,,pending_human_after_machine_precheck,[machine 2026-07-14T06:11:56+00:00] execution_allowed=false; language/accounting fields left for human reviewer,,
119,accounting,defer,Structural safety OK; language/intent still need human judgment,HR-00024,0024,ADV.LID.00016,,romanized_nepali,NABlL,,,False,0.925,pass_structural,,,,,pending_human_after_machine_precheck,[machine 2026-07-14T06:11:56+00:00] execution_allowed=false; language/accounting fields left for human reviewer,,
120,accounting,defer,Insufficient signals; defer to human,HR-00025,0069,ADV.MDM.00001,,romanized_nepali,,,,False,0.8875,pass_structural,,,,,pending_human_after_machine_precheck,[machine 2026-07-14T06:11:56+00:00] execution_allowed=false; language/accounting fields left for human reviewer,,
121,accounting,defer,Insufficient signals; defer to human,HR-00026,0063,ADV.MFG.00001,,romanized_nepali,,,,False,0.8875,pass_structural,,,,,pending_human_after_machine_precheck,[machine 2026-07-14T06:11:56+00:00] execution_allowed=false; language/accounting fields left for human reviewer,,
122,accounting,defer,Structural safety OK; language/intent still need human judgment,HR-00909,0036,ADV.MIX.00001,,mixed,INV001लाईpostनगरा,,,False,0.925,pass_structural,,,,,pending_human_after_machine_precheck,[machine 2026-07-14T06:11:56+00:00] execution_allowed=false; language/accounting fields left for human reviewer,,
123,accounting,defer,Structural safety OK; language/intent still need human judgment,HR-00910,0036,ADV.MIX.00002,,mixed,रामTradersPvtLtdko,,,False,0.925,pass_structural,,,,,pending_human_after_machine_precheck,[machine 2026-07-14T06:11:56+00:00] execution_allowed=false; language/accounting fields left for human reviewer,,
124,accounting,defer,Structural safety OK; language/intent still need human judgment,HR-00911,0036,ADV.MIX.00005,,mixed,https://example.com/a?x=1&y=2खोल?,,,False,0.925,pass_structural,,,,,pending_human_after_machine_precheck,[machine 2026-07-14T06:11:56+00:00] execution_allowed=false; language/accounting fields left for human reviewer,,
125,accounting,defer,Structural safety OK; language/intent still need human judgment,HR-00912,0036,ADV.MIX.00015,,mixed,OCRreportनेपाल,,,False,0.925,pass_structural,,,,,pending_human_after_machine_precheck,[machine 2026-07-14T06:11:56+00:00] execution_allowed=false; language/accounting fields left for human reviewer,,
126,accounting,defer,Structural safety OK; language/intent still need human judgment,HR-00913,0036,ADV.MIX.00018,,mixed,000500NPRहोइन,,,False,0.925,pass_structural,,,,,pending_human_after_machine_precheck,[machine 2026-07-14T06:11:56+00:00] execution_allowed=false; language/accounting fields left for human reviewer,,
127,accounting,defer,Structural safety OK; language/intent still need human judgment,HR-00914,0036,ADV.MIX.00020,,mixed,NFRSIFRSsameहो?,,,False,0.925,pass_structural,,,,,pending_human_after_machine_precheck,[machine 2026-07-14T06:11:56+00:00] execution_allowed=false; language/accounting fields left for human reviewer,,
128,accounting,defer,Structural safety OK; language/intent still need human judgment,HR-00915,0036,ADV.MIX.00024,,romanized_nepali,ERPNextmaAPIcallgara,,,False,0.925,pass_structural,,,,,pending_human_after_machine_precheck,[machine 2026-07-14T06:11:56+00:00] execution_allowed=false; language/accounting fields left for human reviewer,,
129,accounting,defer,Structural safety OK; language/intent still need human judgment,HR-00916,0036,ADV.MIX.00026,,romanized_nepali,aajahijo2026-07-13,,,False,0.925,pass_structural,,,,,pending_human_after_machine_precheck,[machine 2026-07-14T06:11:56+00:00] execution_allowed=false; language/accounting fields left for human reviewer,,
130,accounting,defer,Structural safety OK; language/intent still need human judgment,HR-00917,0026,ADV.MOR.00002,,romanized_nepali,Ramharulai,,,False,0.925,pass_structural,,,,,pending_human_after_machine_precheck,[machine 2026-07-14T06:11:56+00:00] execution_allowed=false; language/accounting fields left for human reviewer,,
131,accounting,defer,Structural safety OK; language/intent still need human judgment,HR-00918,0026,ADV.MOR.00005,,romanized_nepali,maleko,,,False,0.925,pass_structural,,,,,pending_human_after_machine_precheck,[machine 2026-07-14T06:11:56+00:00] execution_allowed=false; language/accounting fields left for human reviewer,,
132,accounting,defer,Structural safety OK; language/intent still need human judgment,HR-00919,0026,ADV.MOR.00011,,romanized_nepali,postgarekochaina,,,False,0.925,pass_structural,,,,,pending_human_after_machine_precheck,[machine 2026-07-14T06:11:56+00:00] execution_allowed=false; language/accounting fields left for human reviewer,,
133,accounting,defer,Structural safety OK; language/intent still need human judgment,HR-00920,0026,ADV.MOR.00018,,mixed,stockwala,,,False,0.925,pass_structural,,,,,pending_human_after_machine_precheck,[machine 2026-07-14T06:11:56+00:00] execution_allowed=false; language/accounting fields left for human reviewer,,
134,accounting,defer,Structural safety OK; language/intent still need human judgment,HR-00921,0026,ADV.MOR.00020,,mixed,रामTradersharu,,,False,0.925,pass_structural,,,,,pending_human_after_machine_precheck,[machine 2026-07-14T06:11:56+00:00] execution_allowed=false; language/accounting fields left for human reviewer,,
135,accounting,defer,Insufficient signals; defer to human,HR-00027,0047,ADV.MUT.00001,,romanized_nepali,,,,False,0.8875,pass_structural,,,,,pending_human_after_machine_precheck,[machine 2026-07-14T06:11:56+00:00] execution_allowed=false; language/accounting fields left for human reviewer,,
136,accounting,defer,Structural safety OK; language/intent still need human judgment,HR-00922,0030,ADV.NEG.00003,,romanized_nepali,postbhayenachainahoina,,,False,0.925,pass_structural,,,,,pending_human_after_machine_precheck,[machine 2026-07-14T06:11:56+00:00] execution_allowed=false; language/accounting fields left for human reviewer,,
137,accounting,defer,Structural safety OK; language/intent still need human judgment,HR-00923,0030,ADV.NEG.00008,,romanized_nepali,draftposteddelgara,,,False,0.925,pass_structural,,,,,pending_human_after_machine_precheck,[machine 2026-07-14T06:11:56+00:00] execution_allowed=false; language/accounting fields left for human reviewer,,
138,accounting,defer,Insufficient signals; defer to human,HR-00028,0052,ADV.NOTIF.00001,,romanized_nepali,,,,False,0.8875,pass_structural,,,,,pending_human_after_machine_precheck,[machine 2026-07-14T06:11:56+00:00] execution_allowed=false; language/accounting fields left for human reviewer,,
139,accounting,defer,Structural safety OK; language/intent still need human judgment,HR-00924,0032,ADV.NUM.00010,,romanized_nepali,09:30:45,,,False,0.8875,pass_structural,,,,,pending_human_after_machine_precheck,[machine 2026-07-14T06:11:56+00:00] execution_allowed=false; language/accounting fields left for human reviewer,,
140,accounting,defer,Structural safety OK; language/intent still need human judgment,HR-00925,0032,ADV.NUM.00017,,romanized_nepali,panchsayapachas,,,False,0.8875,pass_structural,,,,,pending_human_after_machine_precheck,[machine 2026-07-14T06:11:56+00:00] execution_allowed=false; language/accounting fields left for human reviewer,,
141,accounting,defer,Insufficient signals; defer to human,HR-00029,0057,ADV.PAY.00001,,romanized_nepali,,,,False,0.8875,pass_structural,,,,,pending_human_after_machine_precheck,[machine 2026-07-14T06:11:56+00:00] execution_allowed=false; language/accounting fields left for human reviewer,,
142,accounting,defer,Structural safety OK; language/intent still need human judgment,HR-00926,0027,ADV.POST.00004,,romanized_nepali,cinemako,,,False,0.925,pass_structural,,,,,pending_human_after_machine_precheck,[machine 2026-07-14T06:11:56+00:00] execution_allowed=false; language/accounting fields left for human reviewer,,
143,accounting,defer,Structural safety OK; language/intent still need human judgment,HR-00927,0031,ADV.Q.00002,,romanized_nepali,katikatiko,,,False,0.925,pass_structural,,,,,pending_human_after_machine_precheck,[machine 2026-07-14T06:11:56+00:00] execution_allowed=false; language/accounting fields left for human reviewer,,
144,accounting,defer,Structural safety OK; language/intent still need human judgment,HR-00928,0031,ADV.Q.00003,,romanized_nepali,kaslekaslaikasko,,,False,0.925,pass_structural,,,,,pending_human_after_machine_precheck,[machine 2026-07-14T06:11:56+00:00] execution_allowed=false; language/accounting fields left for human reviewer,,
145,accounting,defer,Structural safety OK; language/intent still need human judgment,HR-00929,0031,ADV.Q.00006,,romanized_nepali,yes500,,,False,0.925,pass_structural,,,,,pending_human_after_machine_precheck,[machine 2026-07-14T06:11:56+00:00] execution_allowed=false; language/accounting fields left for human reviewer,,
146,accounting,defer,Structural safety OK; language/intent still need human judgment,HR-00930,0031,ADV.Q.00007,,romanized_nepali,sameallcopy,,,False,0.925,pass_structural,,,,,pending_human_after_machine_precheck,[machine 2026-07-14T06:11:56+00:00] execution_allowed=false; language/accounting fields left for human reviewer,,
147,accounting,defer,Structural safety OK; language/intent still need human judgment,HR-00931,0029,ADV.REF.00001,,romanized_nepali,yotyotyoyo,,,False,0.925,pass_structural,,,,,pending_human_after_machine_precheck,[machine 2026-07-14T06:11:56+00:00] execution_allowed=false; language/accounting fields left for human reviewer,,
148,accounting,defer,Structural safety OK; language/intent still need human judgment,HR-00932,0029,ADV.REF.00003,,romanized_nepali,yo delete gara tyo save gara,,,False,0.925,pass_structural,,,,,pending_human_after_machine_precheck,[machine 2026-07-14T06:11:56+00:00] execution_allowed=false; language/accounting fields left for human reviewer,,
149,accounting,defer,Structural safety OK; language/intent still need human judgment,HR-00933,0029,ADV.REF.00016,,romanized_nepali,pahilowaladosrowala,,,False,0.925,pass_structural,,,,,pending_human_after_machine_precheck,[machine 2026-07-14T06:11:56+00:00] execution_allowed=false; language/accounting fields left for human reviewer,,
150,accounting,defer,Insufficient signals; defer to human,HR-00031,0071,ADV.RET.00001,,romanized_nepali,,,,False,0.8875,pass_structural,,,,,pending_human_after_machine_precheck,[machine 2026-07-14T06:11:56+00:00] execution_allowed=false; language/accounting fields left for human reviewer,,
151,accounting,defer,Insufficient signals; defer to human,HR-00032,0046,ADV.RO.00001,,romanized_nepali,,,,False,0.8875,pass_structural,,,,,pending_human_after_machine_precheck,[machine 2026-07-14T06:11:56+00:00] execution_allowed=false; language/accounting fields left for human reviewer,,
152,accounting,defer,Insufficient signals; defer to human,HR-00033,0053,ADV.SEARCH.00001,,romanized_nepali,,,,False,0.8875,pass_structural,,,,,pending_human_after_machine_precheck,[machine 2026-07-14T06:11:56+00:00] execution_allowed=false; language/accounting fields left for human reviewer,,
153,accounting,defer,Insufficient signals; defer to human,HR-00034,0058,ADV.SP.00001,,romanized_nepali,,,,False,0.8875,pass_structural,,,,,pending_human_after_machine_precheck,[machine 2026-07-14T06:11:56+00:00] execution_allowed=false; language/accounting fields left for human reviewer,,
154,accounting,defer,Structural safety OK; language/intent still need human judgment,HR-00934,0028,ADV.TAM.00004,,romanized_nepali,restoregarnamilcha,,,False,0.925,pass_structural,,,,,pending_human_after_machine_precheck,[machine 2026-07-14T06:11:56+00:00] execution_allowed=false; language/accounting fields left for human reviewer,,
155,accounting,defer,Structural safety OK; language/intent still need human judgment,HR-00935,0028,ADV.TAM.00008,,romanized_nepali,garnuparchapardaina,,,False,0.925,pass_structural,,,,,pending_human_after_machine_precheck,[machine 2026-07-14T06:11:56+00:00] execution_allowed=false; language/accounting fields left for human reviewer,,
156,accounting,defer,Structural safety OK; language/intent still need human judgment,HR-00936,0028,ADV.TAM.00011,,romanized_nepali,na-gara-na,,,False,0.925,pass_structural,,,,,pending_human_after_machine_precheck,[machine 2026-07-14T06:11:56+00:00] execution_allowed=false; language/accounting fields left for human reviewer,,
157,accounting,defer,Structural safety OK; language/intent still need human judgment,HR-00937,0028,ADV.TAM.00018,,romanized_nepali,approvebhayohola,,,False,0.925,pass_structural,,,,,pending_human_after_machine_precheck,[machine 2026-07-14T06:11:56+00:00] execution_allowed=false; language/accounting fields left for human reviewer,,
158,accounting,defer,Structural safety OK; language/intent still need human judgment,HR-00938,0028,ADV.TAM.00020,,mixed,रामलेpostgarekocha,,,False,0.925,pass_structural,,,,,pending_human_after_machine_precheck,[machine 2026-07-14T06:11:56+00:00] execution_allowed=false; language/accounting fields left for human reviewer,,
159,accounting,defer,Structural safety OK; language/intent still need human judgment,HR-00939,0021,ADV.TOK.00002,,romanized_nepali,500cash50kg,,,False,0.925,pass_structural,,,,,pending_human_after_machine_precheck,[machine 2026-07-14T06:11:56+00:00] execution_allowed=false; language/accounting fields left for human reviewer,,
160,accounting,defer,Structural safety OK; language/intent still need human judgment,HR-00940,0021,ADV.TOK.00005,,romanized_nepali,httpsexamplecom,,,False,0.925,pass_structural,,,,,pending_human_after_machine_precheck,[machine 2026-07-14T06:11:56+00:00] execution_allowed=false; language/accounting fields left for human reviewer,,
161,accounting,defer,Structural safety OK; language/intent still need human judgment,HR-00941,0021,ADV.TOK.00006,,romanized_nepali,ramtraderspvtltdko,,,False,0.925,pass_structural,,,,,pending_human_after_machine_precheck,[machine 2026-07-14T06:11:56+00:00] execution_allowed=false; language/accounting fields left for human reviewer,,
162,accounting,defer,Insufficient signals; defer to human,HR-00036,0067,ADV.WF.00001,,romanized_nepali,,,,False,0.8875,pass_structural,,,,,pending_human_after_machine_precheck,[machine 2026-07-14T06:11:56+00:00] execution_allowed=false; language/accounting fields left for human reviewer,,
163,accounting,defer,Insufficient signals; defer to human,HR-00037,0085,ANA-AUTH-00007280,,romanized_nepali,,,,False,0.8875,pass_structural,,,,,pending_human_after_machine_precheck,[machine 2026-07-14T06:11:56+00:00] execution_allowed=false; language/accounting fields left for human reviewer,,
164,accounting,defer,Insufficient signals; defer to human,HR-00038,0085,ANA-CALC-00003064,,romanized_nepali,,,,False,0.8875,pass_structural,,,,,pending_human_after_machine_precheck,[machine 2026-07-14T06:11:56+00:00] execution_allowed=false; language/accounting fields left for human reviewer,,
165,accounting,defer,Insufficient signals; defer to human,HR-00039,0085,ANA-DEFINITION-00011672,,romanized_nepali,,,,False,0.8875,pass_structural,,,,,pending_human_after_machine_precheck,[machine 2026-07-14T06:11:56+00:00] execution_allowed=false; language/accounting fields left for human reviewer,,
166,accounting,defer,Insufficient signals; defer to human,HR-00040,0085,ANA-EXPORT-00016074,,romanized_nepali,,,,False,0.8875,pass_structural,,,,,pending_human_after_machine_precheck,[machine 2026-07-14T06:11:56+00:00] execution_allowed=false; language/accounting fields left for human reviewer,,
167,accounting,defer,Insufficient signals; defer to human,HR-00041,0085,ANA-FORECAST-00006162,,romanized_nepali,,,,False,0.8875,pass_structural,,,,,pending_human_after_machine_precheck,[machine 2026-07-14T06:11:56+00:00] execution_allowed=false; language/accounting fields left for human reviewer,,
168,accounting,defer,Insufficient signals; defer to human,HR-00042,0085,ANA-PRIV-00000372,,romanized_nepali,,,,False,0.8875,pass_structural,,,,,pending_human_after_machine_precheck,[machine 2026-07-14T06:11:56+00:00] execution_allowed=false; language/accounting fields left for human reviewer,,
169,accounting,defer,Insufficient signals; defer to human,HR-00043,0085,ANA-SEMANTIC-00001955,,romanized_nepali,,,,False,0.8875,pass_structural,,,,,pending_human_after_machine_precheck,[machine 2026-07-14T06:11:56+00:00] execution_allowed=false; language/accounting fields left for human reviewer,,
170,accounting,defer,Insufficient signals; defer to human,HR-00044,0085,ANA-TREND-00002105,,romanized_nepali,,,,False,0.8875,pass_structural,,,,,pending_human_after_machine_precheck,[machine 2026-07-14T06:11:56+00:00] execution_allowed=false; language/accounting fields left for human reviewer,,
171,accounting,defer,Insufficient signals; defer to human,HR-00045,0085,ANA-TREND-00008363,,romanized_nepali,,,,False,0.8875,pass_structural,,,,,pending_human_after_machine_precheck,[machine 2026-07-14T06:11:56+00:00] execution_allowed=false; language/accounting fields left for human reviewer,,
172,accounting,defer,Insufficient signals; defer to human,HR-00046,0020,COLL-ABBR-0023,,romanized_nepali,,,,False,0.8875,pass_structural,,,,,pending_human_after_machine_precheck,[machine 2026-07-14T06:11:56+00:00] execution_allowed=false; language/accounting fields left for human reviewer,,
173,accounting,defer,Structural safety OK; language/intent still need human judgment,HR-00942,0020,COLL-EN-00042,,romanized_nepali,report,,,False,0.925,pass_structural,,,,,pending_human_after_machine_precheck,[machine 2026-07-14T06:11:56+00:00] execution_allowed=false; language/accounting fields left for human reviewer,,
174,accounting,defer,Structural safety OK; language/intent still need human judgment,HR-00943,0020,COLL-EN-00057,,romanized_nepali,update,,,False,0.925,pass_structural,,,,,pending_human_after_machine_precheck,[machine 2026-07-14T06:11:56+00:00] execution_allowed=false; language/accounting fields left for human reviewer,,
175,accounting,defer,Structural safety OK; language/intent still need human judgment,HR-00944,0020,COLL-EN-00060,,romanized_nepali,reverse,,,False,0.925,pass_structural,,,,,pending_human_after_machine_precheck,[machine 2026-07-14T06:11:56+00:00] execution_allowed=false; language/accounting fields left for human reviewer,,
176,accounting,defer,Structural safety OK; language/intent still need human judgment,HR-00945,0020,COLL-EN-00064,,romanized_nepali,sync,,,False,0.925,pass_structural,,,,,pending_human_after_machine_precheck,[machine 2026-07-14T06:11:56+00:00] execution_allowed=false; language/accounting fields left for human reviewer,,
177,accounting,defer,Structural safety OK; language/intent still need human judgment,HR-00946,0020,COLL-EN-00068,,romanized_nepali,restore,,,False,0.925,pass_structural,,,,,pending_human_after_machine_precheck,[machine 2026-07-14T06:11:56+00:00] execution_allowed=false; language/accounting fields left for human reviewer,,
178,accounting,defer,Structural safety OK; language/intent still need human judgment,HR-00947,0020,COLL-EN-00078,,romanized_nepali,warehouse,,,False,0.925,pass_structural,,,,,pending_human_after_machine_precheck,[machine 2026-07-14T06:11:56+00:00] execution_allowed=false; language/accounting fields left for human reviewer,,
179,accounting,defer,Structural safety OK; language/intent still need human judgment,HR-00948,0020,COLL-EN-00081,,romanized_nepali,vendor,,,False,0.925,pass_structural,,,,,pending_human_after_machine_precheck,[machine 2026-07-14T06:11:56+00:00] execution_allowed=false; language/accounting fields left for human reviewer,,
180,accounting,defer,Structural safety OK; language/intent still need human judgment,HR-00949,0020,COLL-EN-00084,,romanized_nepali,department,,,False,0.925,pass_structural,,,,,pending_human_after_machine_precheck,[machine 2026-07-14T06:11:56+00:00] execution_allowed=false; language/accounting fields left for human reviewer,,
181,accounting,defer,Structural safety OK; language/intent still need human judgment,HR-00950,0020,COLL-EN-00087,,romanized_nepali,fine,,,False,0.925,pass_structural,,,,,pending_human_after_machine_precheck,[machine 2026-07-14T06:11:56+00:00] execution_allowed=false; language/accounting fields left for human reviewer,,
182,accounting,defer,Structural safety OK; language/intent still need human judgment,HR-00951,0020,COLL-EN-00090,,romanized_nepali,advance,,,False,0.925,pass_structural,,,,,pending_human_after_machine_precheck,[machine 2026-07-14T06:11:56+00:00] execution_allowed=false; language/accounting fields left for human reviewer,,
183,accounting,defer,Structural safety OK; language/intent still need human judgment,HR-00952,0020,COLL-EN-00091,,romanized_nepali,outstanding,,,False,0.925,pass_structural,,,,,pending_human_after_machine_precheck,[machine 2026-07-14T06:11:56+00:00] execution_allowed=false; language/accounting fields left for human reviewer,,
184,accounting,defer,Structural safety OK; language/intent still need human judgment,HR-00953,0020,COLL-X-0005,,mixed,aauxa,,,False,0.925,pass_structural,,,,,pending_human_after_machine_precheck,[machine 2026-07-14T06:11:56+00:00] execution_allowed=false; language/accounting fields left for human reviewer,,
185,accounting,defer,Structural safety OK; language/intent still need human judgment,HR-00954,0020,COLL-X-0009,,romanized_nepali,export,,,False,0.925,pass_structural,,,,,pending_human_after_machine_precheck,[machine 2026-07-14T06:11:56+00:00] execution_allowed=false; language/accounting fields left for human reviewer,,
186,accounting,defer,Structural safety OK; language/intent still need human judgment,HR-00955,0020,COLL-X-0011,,romanized_nepali,index,,,False,0.925,pass_structural,,,,,pending_human_after_machine_precheck,[machine 2026-07-14T06:11:56+00:00] execution_allowed=false; language/accounting fields left for human reviewer,,
187,accounting,defer,Structural safety OK; language/intent still need human judgment,HR-00956,0020,COLL-X-0012,,romanized_nepali,text,,,False,0.925,pass_structural,,,,,pending_human_after_machine_precheck,[machine 2026-07-14T06:11:56+00:00] execution_allowed=false; language/accounting fields left for human reviewer,,
188,accounting,defer,Structural safety OK; language/intent still need human judgment,HR-00957,0020,COLL-X-0013,,romanized_nepali,fixed,,,False,0.925,pass_structural,,,,,pending_human_after_machine_precheck,[machine 2026-07-14T06:11:56+00:00] execution_allowed=false; language/accounting fields left for human reviewer,,
189,accounting,defer,Structural safety OK; language/intent still need human judgment,HR-00958,0020,COLL-X-0014,,romanized_nepali,max,,,False,0.925,pass_structural,,,,,pending_human_after_machine_precheck,[machine 2026-07-14T06:11:56+00:00] execution_allowed=false; language/accounting fields left for human reviewer,,
190,accounting,defer,Structural safety OK; language/intent still need human judgment,HR-00959,0020,COLL-X-0015,,romanized_nepali,X,,,False,0.925,pass_structural,,,,,pending_human_after_machine_precheck,[machine 2026-07-14T06:11:56+00:00] execution_allowed=false; language/accounting fields left for human reviewer,,
191,accounting,defer,Structural safety OK; language/intent still need human judgment,HR-00960,0020,COLL-X-0016,,romanized_nepali,5x10,,,False,0.925,pass_structural,,,,,pending_human_after_machine_precheck,[machine 2026-07-14T06:11:56+00:00] execution_allowed=false; language/accounting fields left for human reviewer,,
192,accounting,defer,Structural safety OK; language/intent still need human judgment,HR-00961,0039,CONN-AMB-012,,romanized_nepali,matra,,,False,0.925,pass_structural,,,,,pending_human_after_machine_precheck,[machine 2026-07-14T06:11:56+00:00] execution_allowed=false; language/accounting fields left for human reviewer,,
193,accounting,defer,Structural safety OK; language/intent still need human judgment,HR-00962,0039,CONN-CAUSE-000074,,romanized_nepali,customer select bhayena tyasaile payment bhayena,,,False,0.925,pass_structural,,,,,pending_human_after_machine_precheck,[machine 2026-07-14T06:11:56+00:00] execution_allowed=false; language/accounting fields left for human reviewer,,
194,accounting,defer,Structural safety OK; language/intent still need human judgment,HR-00963,0039,CONN-CAUSE-000149,,romanized_nepali,post bhayena kinabhane bank match bhayena,,,False,0.925,pass_structural,,,,,pending_human_after_machine_precheck,[machine 2026-07-14T06:11:56+00:00] execution_allowed=false; language/accounting fields left for human reviewer,,
195,accounting,defer,Structural safety OK; language/intent still need human judgment,HR-00054,0039,CONN-COND-000005,,romanized_nepali,amount sahi cha bhane post gara,,,False,0.925,pass_structural,,,,,pending_human_after_machine_precheck,[machine 2026-07-14T06:11:56+00:00] execution_allowed=false; language/accounting fields left for human reviewer,,
196,accounting,defer,Structural safety OK; language/intent still need human judgment,HR-00055,0039,CONN-COND-000008,,romanized_nepali,amount sahi cha bhayepachi matra post gara,,,False,0.925,pass_structural,,,,,pending_human_after_machine_precheck,[machine 2026-07-14T06:11:56+00:00] execution_allowed=false; language/accounting fields left for human reviewer,,
197,accounting,defer,Structural safety OK; language/intent still need human judgment,HR-00056,0039,CONN-COND-000010,,romanized_nepali,yadi amount sahi cha bhane save gara,,,False,0.925,pass_structural,,,,,pending_human_after_machine_precheck,[machine 2026-07-14T06:11:56+00:00] execution_allowed=false; language/accounting fields left for human reviewer,,
198,accounting,defer,Structural safety OK; language/intent still need human judgment,HR-00057,0039,CONN-COND-000019,,romanized_nepali,amount sahi cha nabhaye invoice bana,,,False,0.925,pass_structural,,,,,pending_human_after_machine_precheck,[machine 2026-07-14T06:11:56+00:00] execution_allowed=false; language/accounting fields left for human reviewer,,
199,accounting,defer,Structural safety OK; language/intent still need human judgment,HR-00058,0039,CONN-COND-000037,,romanized_nepali,customer selected cha bhane post gara,,,False,0.925,pass_structural,,,,,pending_human_after_machine_precheck,[machine 2026-07-14T06:11:56+00:00] execution_allowed=false; language/accounting fields left for human reviewer,,
200,accounting,defer,Structural safety OK; language/intent still need human judgment,HR-00059,0039,CONN-COND-000038,,romanized_nepali,yadi customer selected cha bhane post gara,,,False,0.925,pass_structural,,,,,pending_human_after_machine_precheck,[machine 2026-07-14T06:11:56+00:00] execution_allowed=false; language/accounting fields left for human reviewer,,
201,accounting,defer,Structural safety OK; language/intent still need human judgment,HR-00060,0039,CONN-COND-000065,,romanized_nepali,voucher approved cha bhane confirm gara,,,False,0.925,pass_structural,,,,,pending_human_after_machine_precheck,[machine 2026-07-14T06:11:56+00:00] execution_allowed=false; language/accounting fields left for human reviewer,,
202,accounting,defer,Structural safety OK; language/intent still need human judgment,HR-00061,0039,CONN-COND-000084,,romanized_nepali,voucher approved cha bhayepachi matra invoice bana,,,False,0.925,pass_structural,,,,,pending_human_after_machine_precheck,[machine 2026-07-14T06:11:56+00:00] execution_allowed=false; language/accounting fields left for human reviewer,,
203,accounting,defer,Structural safety OK; language/intent still need human judgment,HR-00062,0039,CONN-COND-000086,,romanized_nepali,yadi voucher approved cha bhane report dekha,,,False,0.925,pass_structural,,,,,pending_human_after_machine_precheck,[machine 2026-07-14T06:11:56+00:00] execution_allowed=false; language/accounting fields left for human reviewer,,
204,accounting,defer,Structural safety OK; language/intent still need human judgment,HR-00063,0039,CONN-COND-000088,,romanized_nepali,voucher approved cha bhayepachi matra report dekha,,,False,0.925,pass_structural,,,,,pending_human_after_machine_precheck,[machine 2026-07-14T06:11:56+00:00] execution_allowed=false; language/accounting fields left for human reviewer,,
205,accounting,defer,Structural safety OK; language/intent still need human judgment,HR-00070,0039,CONN-COND-000135,,romanized_nepali,balance available cha nabhaye post gara,,,False,0.925,pass_structural,,,,,pending_human_after_machine_precheck,[machine 2026-07-14T06:11:56+00:00] execution_allowed=false; language/accounting fields left for human reviewer,,
206,accounting,defer,Structural safety OK; language/intent still need human judgment,HR-00071,0039,CONN-COND-000141,,romanized_nepali,balance available cha bhane payment gara,,,False,0.925,pass_structural,,,,,pending_human_after_machine_precheck,[machine 2026-07-14T06:11:56+00:00] execution_allowed=false; language/accounting fields left for human reviewer,,
207,accounting,defer,Structural safety OK; language/intent still need human judgment,HR-00072,0039,CONN-COND-000143,,romanized_nepali,balance available cha nabhaye payment gara,,,False,0.925,pass_structural,,,,,pending_human_after_machine_precheck,[machine 2026-07-14T06:11:56+00:00] execution_allowed=false; language/accounting fields left for human reviewer,,
208,accounting,defer,Structural safety OK; language/intent still need human judgment,HR-00073,0039,CONN-COND-000154,,romanized_nepali,yadi balance available cha bhane reconcile gara,,,False,0.925,pass_structural,,,,,pending_human_after_machine_precheck,[machine 2026-07-14T06:11:56+00:00] execution_allowed=false; language/accounting fields left for human reviewer,,
209,accounting,defer,Structural safety OK; language/intent still need human judgment,HR-00074,0039,CONN-COND-000156,,romanized_nepali,balance available cha bhayepachi matra reconcile gara,,,False,0.925,pass_structural,,,,,pending_human_after_machine_precheck,[machine 2026-07-14T06:11:56+00:00] execution_allowed=false; language/accounting fields left for human reviewer,,
210,accounting,defer,Structural safety OK; language/intent still need human judgment,HR-00075,0039,CONN-COND-000161,,romanized_nepali,stock available cha bhane confirm gara,,,False,0.925,pass_structural,,,,,pending_human_after_machine_precheck,[machine 2026-07-14T06:11:56+00:00] execution_allowed=false; language/accounting fields left for human reviewer,,
211,accounting,defer,Structural safety OK; language/intent still need human judgment,HR-00076,0039,CONN-COND-000169,,romanized_nepali,stock available cha bhane save gara,,,False,0.925,pass_structural,,,,,pending_human_after_machine_precheck,[machine 2026-07-14T06:11:56+00:00] execution_allowed=false; language/accounting fields left for human reviewer,,
212,accounting,defer,Structural safety OK; language/intent still need human judgment,HR-00077,0039,CONN-COND-000181,,romanized_nepali,stock available cha bhane report dekha,,,False,0.925,pass_structural,,,,,pending_human_after_machine_precheck,[machine 2026-07-14T06:11:56+00:00] execution_allowed=false; language/accounting fields left for human reviewer,,
213,accounting,defer,Structural safety OK; language/intent still need human judgment,HR-00078,0039,CONN-COND-000183,,romanized_nepali,stock available cha nabhaye report dekha,,,False,0.925,pass_structural,,,,,pending_human_after_machine_precheck,[machine 2026-07-14T06:11:56+00:00] execution_allowed=false; language/accounting fields left for human reviewer,,
214,accounting,defer,Structural safety OK; language/intent still need human judgment,HR-00084,0039,CONN-COND-000246,,romanized_nepali,yadi bank matched cha bhane report dekha,,,False,0.925,pass_structural,,,,,pending_human_after_machine_precheck,[machine 2026-07-14T06:11:56+00:00] execution_allowed=false; language/accounting fields left for human reviewer,,
215,accounting,defer,Structural safety OK; language/intent still need human judgment,HR-00964,0039,CONN-CONT-000061,,romanized_nepali,voucher approved cha tara report pending cha,,,False,0.925,pass_structural,,,,,pending_human_after_machine_precheck,[machine 2026-07-14T06:11:56+00:00] execution_allowed=false; language/accounting fields left for human reviewer,,
216,accounting,defer,Structural safety OK; language/intent still need human judgment,HR-00965,0039,CONN-CONT-000114,,romanized_nepali,stock cha bhaye pani bank match chaina,,,False,0.925,pass_structural,,,,,pending_human_after_machine_precheck,[machine 2026-07-14T06:11:56+00:00] execution_allowed=false; language/accounting fields left for human reviewer,,
217,accounting,defer,Structural safety OK; language/intent still need human judgment,HR-00966,0039,CONN-CONT-000122,,romanized_nepali,payment bhayo bhaye pani date galat cha,,,False,0.925,pass_structural,,,,,pending_human_after_machine_precheck,[machine 2026-07-14T06:11:56+00:00] execution_allowed=false; language/accounting fields left for human reviewer,,
218,accounting,defer,Structural safety OK; language/intent still need human judgment,HR-00967,0039,CONN-COORD-000087,,romanized_nepali,invoice delete nagara tara save gara,,,False,0.925,pass_structural,,,,,pending_human_after_machine_precheck,[machine 2026-07-14T06:11:56+00:00] execution_allowed=false; language/accounting fields left for human reviewer,,
219,accounting,defer,Structural safety OK; language/intent still need human judgment,HR-00968,0039,CONN-COORD-000114,,romanized_nepali,invoice reverse nagara ani save gara,,,False,0.925,pass_structural,,,,,pending_human_after_machine_precheck,[machine 2026-07-14T06:11:56+00:00] execution_allowed=false; language/accounting fields left for human reviewer,,
220,accounting,defer,Structural safety OK; language/intent still need human judgment,HR-00969,0039,CONN-COORD-000122,,romanized_nepali,invoice reverse nagara ani approve gara,,,False,0.925,pass_structural,,,,,pending_human_after_machine_precheck,[machine 2026-07-14T06:11:56+00:00] execution_allowed=false; language/accounting fields left for human reviewer,,
221,accounting,defer,Structural safety OK; language/intent still need human judgment,HR-00970,0039,CONN-COORD-000151,,romanized_nepali,invoice export gara tara approve gara,,,False,0.925,pass_structural,,,,,pending_human_after_machine_precheck,[machine 2026-07-14T06:11:56+00:00] execution_allowed=false; language/accounting fields left for human reviewer,,
222,accounting,defer,Structural safety OK; language/intent still need human judgment,HR-00971,0039,CONN-COORD-000167,,romanized_nepali,invoice export gara tara update gara,,,False,0.925,pass_structural,,,,,pending_human_after_machine_precheck,[machine 2026-07-14T06:11:56+00:00] execution_allowed=false; language/accounting fields left for human reviewer,,
223,accounting,defer,Structural safety OK; language/intent still need human judgment,HR-00972,0039,CONN-COORD-000192,,romanized_nepali,invoice share nagara tatha export gara,,,False,0.925,pass_structural,,,,,pending_human_after_machine_precheck,[machine 2026-07-14T06:11:56+00:00] execution_allowed=false; language/accounting fields left for human reviewer,,
224,accounting,defer,Structural safety OK; language/intent still need human judgment,HR-00973,0039,CONN-COORD-000198,,romanized_nepali,invoice update gara ani save gara,,,False,0.925,pass_structural,,,,,pending_human_after_machine_precheck,[machine 2026-07-14T06:11:56+00:00] execution_allowed=false; language/accounting fields left for human reviewer,,
225,accounting,defer,Structural safety OK; language/intent still need human judgment,HR-00974,0039,CONN-COORD-000199,,romanized_nepali,invoice update gara tara save gara,,,False,0.925,pass_structural,,,,,pending_human_after_machine_precheck,[machine 2026-07-14T06:11:56+00:00] execution_allowed=false; language/accounting fields left for human reviewer,,
226,accounting,defer,Structural safety OK; language/intent still need human judgment,HR-00975,0039,CONN-COORD-000654,,romanized_nepali,payment update gara ani approve gara,,,False,0.925,pass_structural,,,,,pending_human_after_machine_precheck,[machine 2026-07-14T06:11:56+00:00] execution_allowed=false; language/accounting fields left for human reviewer,,
227,accounting,defer,Structural safety OK; language/intent still need human judgment,HR-00976,0039,CONN-COORD-000668,,romanized_nepali,payment update gara tatha export gara,,,False,0.925,pass_structural,,,,,pending_human_after_machine_precheck,[machine 2026-07-14T06:11:56+00:00] execution_allowed=false; language/accounting fields left for human reviewer,,
228,accounting,defer,Structural safety OK; language/intent still need human judgment,HR-00977,0039,CONN-COORD-000692,,romanized_nepali,report save gara tatha export gara,,,False,0.925,pass_structural,,,,,pending_human_after_machine_precheck,[machine 2026-07-14T06:11:56+00:00] execution_allowed=false; language/accounting fields left for human reviewer,,
229,accounting,defer,Structural safety OK; language/intent still need human judgment,HR-00978,0039,CONN-COORD-000702,,romanized_nepali,report post gara ani save gara,,,False,0.925,pass_structural,,,,,pending_human_after_machine_precheck,[machine 2026-07-14T06:11:56+00:00] execution_allowed=false; language/accounting fields left for human reviewer,,
230,accounting,defer,Structural safety OK; language/intent still need human judgment,HR-00979,0039,CONN-COORD-000759,,romanized_nepali,report delete nagara tara save gara,,,False,0.925,pass_structural,,,,,pending_human_after_machine_precheck,[machine 2026-07-14T06:11:56+00:00] execution_allowed=false; language/accounting fields left for human reviewer,,
231,accounting,defer,Structural safety OK; language/intent still need human judgment,HR-00980,0039,CONN-COORD-000787,,romanized_nepali,report reverse nagara tara save gara,,,False,0.925,pass_structural,,,,,pending_human_after_machine_precheck,[machine 2026-07-14T06:11:56+00:00] execution_allowed=false; language/accounting fields left for human reviewer,,
232,accounting,defer,Structural safety OK; language/intent still need human judgment,HR-00981,0039,CONN-COORD-000837,,romanized_nepali,report export gara ra update gara,,,False,0.925,pass_structural,,,,,pending_human_after_machine_precheck,[machine 2026-07-14T06:11:56+00:00] execution_allowed=false; language/accounting fields left for human reviewer,,
233,accounting,defer,Structural safety OK; language/intent still need human judgment,HR-00982,0039,CONN-COORD-000838,,romanized_nepali,report export gara ani update gara,,,False,0.925,pass_structural,,,,,pending_human_after_machine_precheck,[machine 2026-07-14T06:11:56+00:00] execution_allowed=false; language/accounting fields left for human reviewer,,
234,accounting,defer,Structural safety OK; language/intent still need human judgment,HR-00983,0039,CONN-COORD-000850,,romanized_nepali,report share nagara ani approve gara,,,False,0.925,pass_structural,,,,,pending_human_after_machine_precheck,[machine 2026-07-14T06:11:56+00:00] execution_allowed=false; language/accounting fields left for human reviewer,,
235,accounting,defer,Structural safety OK; language/intent still need human judgment,HR-00984,0039,CONN-COORD-000919,,romanized_nepali,account save gara tara share nagara,,,False,0.925,pass_structural,,,,,pending_human_after_machine_precheck,[machine 2026-07-14T06:11:56+00:00] execution_allowed=false; language/accounting fields left for human reviewer,,
236,accounting,defer,Structural safety OK; language/intent still need human judgment,HR-00985,0039,CONN-COORD-000949,,romanized_nepali,account post gara ra update gara,,,False,0.925,pass_structural,,,,,pending_human_after_machine_precheck,[machine 2026-07-14T06:11:56+00:00] execution_allowed=false; language/accounting fields left for human reviewer,,
237,accounting,defer,Structural safety OK; language/intent still need human judgment,HR-00986,0039,CONN-COORD-001043,,romanized_nepali,account export gara tara post gara,,,False,0.925,pass_structural,,,,,pending_human_after_machine_precheck,[machine 2026-07-14T06:11:56+00:00] execution_allowed=false; language/accounting fields left for human reviewer,,
238,accounting,defer,Structural safety OK; language/intent still need human judgment,HR-00987,0039,CONN-COORD-001098,,romanized_nepali,account update gara ani post gara,,,False,0.925,pass_structural,,,,,pending_human_after_machine_precheck,[machine 2026-07-14T06:11:56+00:00] execution_allowed=false; language/accounting fields left for human reviewer,,
239,accounting,defer,Structural safety OK; language/intent still need human judgment,HR-00988,0039,CONN-COORD-001142,,romanized_nepali,stock save gara ani share nagara,,,False,0.925,pass_structural,,,,,pending_human_after_machine_precheck,[machine 2026-07-14T06:11:56+00:00] execution_allowed=false; language/accounting fields left for human reviewer,,
240,accounting,defer,Structural safety OK; language/intent still need human judgment,HR-00989,0039,CONN-COORD-001162,,romanized_nepali,stock post gara ani reverse nagara,,,False,0.925,pass_structural,,,,,pending_human_after_machine_precheck,[machine 2026-07-14T06:11:56+00:00] execution_allowed=false; language/accounting fields left for human reviewer,,
241,accounting,defer,Structural safety OK; language/intent still need human judgment,HR-00990,0039,CONN-COORD-001254,,romanized_nepali,stock reverse nagara ani share nagara,,,False,0.925,pass_structural,,,,,pending_human_after_machine_precheck,[machine 2026-07-14T06:11:56+00:00] execution_allowed=false; language/accounting fields left for human reviewer,,
242,accounting,defer,Structural safety OK; language/intent still need human judgment,HR-00991,0039,CONN-COORD-001320,,romanized_nepali,stock update gara tatha save gara,,,False,0.925,pass_structural,,,,,pending_human_after_machine_precheck,[machine 2026-07-14T06:11:56+00:00] execution_allowed=false; language/accounting fields left for human reviewer,,
243,accounting,defer,Structural safety OK; language/intent still need human judgment,HR-00992,0039,CONN-COORD-001461,,romanized_nepali,customer reverse nagara ra post gara,,,False,0.925,pass_structural,,,,,pending_human_after_machine_precheck,[machine 2026-07-14T06:11:56+00:00] execution_allowed=false; language/accounting fields left for human reviewer,,
244,accounting,defer,Structural safety OK; language/intent still need human judgment,HR-00993,0039,CONN-COORD-001512,,romanized_nepali,customer export gara tatha update gara,,,False,0.925,pass_structural,,,,,pending_human_after_machine_precheck,[machine 2026-07-14T06:11:56+00:00] execution_allowed=false; language/accounting fields left for human reviewer,,
245,accounting,defer,Structural safety OK; language/intent still need human judgment,HR-00994,0039,CONN-COORD-001612,,romanized_nepali,supplier post gara tatha reverse nagara,,,False,0.925,pass_structural,,,,,pending_human_after_machine_precheck,[machine 2026-07-14T06:11:56+00:00] execution_allowed=false; language/accounting fields left for human reviewer,,
246,accounting,defer,Structural safety OK; language/intent still need human judgment,HR-00995,0039,CONN-COORD-001655,,romanized_nepali,supplier delete nagara tara save gara,,,False,0.925,pass_structural,,,,,pending_human_after_machine_precheck,[machine 2026-07-14T06:11:56+00:00] execution_allowed=false; language/accounting fields left for human reviewer,,
247,accounting,defer,Structural safety OK; language/intent still need human judgment,HR-00996,0039,CONN-COORD-001659,,romanized_nepali,supplier delete nagara tara post gara,,,False,0.925,pass_structural,,,,,pending_human_after_machine_precheck,[machine 2026-07-14T06:11:56+00:00] execution_allowed=false; language/accounting fields left for human reviewer,,
248,accounting,defer,Structural safety OK; language/intent still need human judgment,HR-00997,0039,CONN-COORD-001670,,romanized_nepali,supplier delete nagara ani export gara,,,False,0.925,pass_structural,,,,,pending_human_after_machine_precheck,[machine 2026-07-14T06:11:56+00:00] execution_allowed=false; language/accounting fields left for human reviewer,,
249,accounting,defer,Structural safety OK; language/intent still need human judgment,HR-00998,0039,CONN-COORD-001757,,romanized_nepali,supplier share nagara ra export gara,,,False,0.925,pass_structural,,,,,pending_human_after_machine_precheck,[machine 2026-07-14T06:11:56+00:00] execution_allowed=false; language/accounting fields left for human reviewer,,
250,accounting,defer,Insufficient signals; defer to human,HR-00999,0039,CONN-REL-015,,romanized_nepali,,,,False,0.8875,pass_structural,,,,,pending_human_after_machine_precheck,[machine 2026-07-14T06:11:56+00:00] execution_allowed=false; language/accounting fields left for human reviewer,,
